,name,price
0,"Liberty 4 Pro by Anker, Noise Cancelling Wireless Earbuds, 7-Sensor and Real-Time Adaptive Noise Cancelling, 2× Faster Charging, Studio-Level Hi-Fi Music, Clear Calls with 6 Mics and AI",$129.99
1,"C40i by Anker, Open-Ear Earbuds, Clip-On Headphones, Flexible Joint Design, Button Controls, Lightweight Comfort, Stable Fit with Attachable Ear Grips, Expansive Drivers for Clear Sound",$99.99
2,"by Anker P20i True Wireless Earbuds, 10mm Drivers with Big Bass, Bluetooth 5.3, 30H Long Playtime, Water-Resistant, 2 Mics for AI Clear Calls, 22 Preset EQs, Customization via App",$24.99
3,"Anker Life Q20 Hybrid Active Noise Cancelling Headphones, Wireless Over Ear Bluetooth Headphones, 60H Playtime, Hi-Res Audio, Deep Bass, Memory Foam Ear Cups, for Travel, Home Office",$49.99
4,"P30i by Anker Noise Cancelling Earbuds, Strong and Smart Noise Cancelling, Powerful Bass, 45H Playtime, 2-in-1 Case and Phone Stand, IP54, Wireless Earbuds, Bluetooth 5.4 (Black)",$39.99
5,"by Anker Q20i Hybrid Active Noise Cancelling Headphones, Wireless Over-Ear Bluetooth, 40H Long ANC Playtime, Hi-Res Audio, Big Bass, Customize via an App, Transparency Mode",$39.99
6,"by Anker Space Q45 Adaptive Active Noise Cancelling Headphones, Reduce Noise by Up to 98%, 50H Playtime, App Control, LDAC Hi-Res Wireless Audio, Comfortable Fit, Clear Calls, Bluetooth 5.3",$149.99
7,"Life Q30 by Anker, Hybrid Active Noise Cancelling Headphones with Multiple Modes, Hi-Res Sound, Custom EQ via App, 50H Playtime, Comfortable Fit, Bluetooth, Multipoint Connection",$79.99
8,"Sport X20 by Anker, True-Wireless Workout Earbuds, Rotatable and Extendable Ear Hooks, Noise Cancelling, Deep Bass, IP68 Waterproof, Sweatproof, Dustproof, 48H Play, Sport Earbuds for Gym",$79.99
9,"by Anker Space A40 Auto-Adjustable Active Noise Cancelling Wireless Earbuds, Reduce Noise by Up to 98%, 50H Playtime, Hi-Res Sound, Comfortable Fit, App Customization, Wireless Charge (Blue)",$59.00
10,"Sleep A20 by Anker Sleep Earbuds, Noise Blocking Sleep Headphones, Small Earplugs for Side Sleepers, 80H Playtime, Stream Content via Bluetooth 5.3, Sleep Monitor, Personal Alarm",$149.99
11,"C30i by Anker, Open-Ear Earbuds, Clip-On Headphones, Lightweight Comfort, Small-Ear Friendly, Stable Fit, Firm-Shell Design, Attachable Ear Grips, Big Drivers for Clear Audio, 30H Play, IPX4",$69.99
12,"P40i by Anker, Noise Cancelling Wireless Earbuds, Adaptive Noise Cancelling to Environments, Heavy Bass, 60H Playtime, 2-in-1 Case and Phone Stand, IPX5, Wireless Charging, Bluetooth 5.3",$59.99
13,"by Anker V30i Open-Ear Headphones, Ultra-Comfort, Lightweight Design, Snug Fit, Ergonomic Ear Hooks, Robust Bass, 36H Playtime, Bluetooth 5.3, App Control, Clear Calls, Wireless Earbuds",$39.98
14,"by Anker, Space One, Active Noise Cancelling Headphones, 2X Stronger Voice Reduction, 40H ANC Playtime, App Control, LDAC Hi-Res Wireless Audio, Comfortable Fit, Clear Calls, Bluetooth 5.3",$99.00
15,"V20i by Anker Open-Ear Headphones, Adjustable Ear Hooks, Ultra-Comfort, Snug Fit, Powerful Sound, Clear Calls, IP55, LED Lights, 36H Playtime, Bluetooth 5.4 Earbuds, Multipoint Connection",$39.99
16,"Space One Pro by Anker, Adaptive Active Noise Cancelling Headphones Driven by 6 Mics, Super Foldable Design, 60H Lossless Audio, Ultra-Fast Charging, Hi-Res Wireless Audio, Comfortable Fit",$199.99
17,"Liberty 4 Pro by Anker, Noise Cancelling Wireless Earbuds, 7-Sensor and Real-Time Adaptive Noise Cancelling, 2× Faster Charging, Studio-Level Hi-Fi Music, Clear Calls with 6 Mics and AI",$129.99
18,"by Anker Space Q45 Adaptive Active Noise Cancelling Headphones, Reduce Noise by Up to 98%, 50H Playtime, App Control, LDAC Hi-Res Wireless Audio, Comfortable Fit, Clear Calls, Bluetooth 5.3",$149.99
19,"by Anker Life A1 True Wireless Earbuds, Powerful Customized Sound, 40H Playtime, Wireless Charging, USB-C Fast Charge, IPX7 Waterproof, Button Control, Bluetooth Earbuds, Commute, Sports",$49.99
20,"AeroFit 2 by Anker, Open-Ear Headphones, Adjustable Ear Hooks, Snug Fit, Rich Bass, Hi-Res Wireless Audio, 42H Play, Bluetooth 5.4, Wireless Charging, IP55, AI Clear Calls, Open-Ear Earbuds",$99.99
21,Wireless Earbuds Bluetooth 5.4 Headphones Bass Stereo Ear Buds with Noise Cancelling Mic LED Display in Ear Earphones IP7 Waterproof 36H Playtime for Laptop Pad Phones Sports Workout White,$21.99
22,"C40i by Anker, Open-Ear Earbuds, Clip-On Headphones, Flexible Joint Design, Button Controls, Lightweight Comfort, Stable Fit with Attachable Ear Grips, Expansive Drivers for Clear Sound",$99.99
23,"by Anker Space Q45 Adaptive Active Noise Cancelling Headphones, Reduce Noise by Up to 98%, 50H Playtime, App Control, LDAC Hi-Res Wireless Audio, Comfortable Fit, Clear Calls, Bluetooth 5.3",$149.99
24,"by Anker A20i True Wireless Earbuds, Bluetooth 5.3, App, Customized Sound, 28H Long Playtime, Water-Resistant, 2 Mics for AI Clear Calls, Single Earbud Mode",$29.99
25,"by Anker Liberty 4 NC Wireless Earbuds, 98.5% Noise Reduction, Adaptive Noise Cancelling to Ears and Environment, Hi-Res Sound, 50H Battery, Wireless Charging, Bluetooth 5.3",$99.99
26,"Boom 2 By Anker, Outdoor Speaker, 80W, Subwoofer, BassUp 2.0, 24H Playtime, IPX7 Waterproof, Floatable, RGB Lights, USB-C, Custom EQ, Bluetooth 5.3, Portable for Camping, Beach, and Backyard",$129.99
27,"C30i by Anker, Open-Ear Earbuds, Clip-On Headphones, Lightweight Comfort, Small-Ear Friendly, Stable Fit, Firm-Shell Design, Attachable Ear Grips, Big Drivers for Clear Audio, 30H Play, IPX4",$69.99
28,Life P3i Hybrid Active Noise Cancelling Bluetooth Wireless Earbuds Black,$49.99
29,"by Anker Life U2i Wireless Neckband Headphones, 10mm Drivers with BassUp Technology, 22H Playtime, AI-Enhanced Calls, Foldable and Lightweight, IPX5 Water-Resistant, Secure Fit, Bluetooth 5",$21.38
30,"by Anker, Soundcore Sport X10 True Wireless Bluetooth 5.2 Workout Headphones",$69.99
31,"N18 Neckband Bluetooth Earbuds, Wireless Bluetooth 5.2 Headphones with Microphone, Ultra-Lightweight Comfort, IPX7 Waterproof, Deep Bass Strong Beat, 20H Playtime, Magnetic Earphones -Black",$25.99
32,"C30i by Anker, Open-Ear Earbuds, Clip-On Headphones, Lightweight Comfort, Small-Ear Friendly, Stable Fit, Firm-Shell Design, Attachable Ear Grips, Big Drivers for Clear Audio, 30H Play, IPX4",$69.99
33,"C40i by Anker, Open-Ear Earbuds, Clip-On Headphones, Flexible Joint Design, Button Controls, Lightweight Comfort, Stable Fit with Attachable Ear Grips, Expansive Drivers for Clear Sound",$99.99
34,"A30i by Anker, Smart Noise Cancelling Earbuds, Lipstick-Shaped Stylish Design, Tiny, Lightweight Comfort, Clear Sound, IP54, 15H Playtime in ANC Mode, Wireless Earbuds, Bluetooth 5.4",$39.99
35,"Anker Life P2 Mini True Wireless Bluetooth 5.2 Earbuds Headphones, Black",$34.99
36,"K20i by Anker, Semi-in-Ear Earbuds, Bluetooth Wireless, 36H Playtime, Fast Charge, Clear Sound, Comfortable Fit, ENC 2-Mic Clear Calls, Custom EQ, IPX5, Bluetooth 5.3, App Control",$29.99
37,"by Anker AeroFit Pro Open-Ear Headphones, Ultra Comfort, Secure Fit, Ergonomic Design, Rich Sound with LDAC, Bluetooth 5.3, IP55 Water-Resistant, 46H Playtime, App Control, Wireless Earbuds",$169.99
38,"by Anker Life A3i Noise Cancelling Wireless Earbuds, Bluetooth 5.2, Hybrid ANC, Deep Bass, AI-Enhanced Calls with 6 Mics, 40H Playtime, Fast Charging, 22 Custom EQ, Transparency Mode",$49.99
39,"VR P10 Gaming Earbuds-Low Latency, Meta Officially Co-branded, Dual Connection, 2.4GHz Wireless, USB-C Dongle Included-Compatible with Meta Quest 2, Steam Deck, PS4, PS5, PC, Switch",$79.99
40,"by Anker Liberty 3 Pro Noise Cancelling Earbuds, True Wireless Earbuds with ACAA 2.0, HearID ANC, Fusion Comfort, Hi-Res Audio Wireless, 6 Mics for Calls, 32H Playtime",$109.99
41,"Space One Pro by Anker, Adaptive Active Noise Cancelling Headphones Driven by 6 Mics, Super Foldable Design, 60H Lossless Audio, Ultra-Fast Charging, Hi-Res Wireless Audio, Comfortable Fit",$199.99
42,"Liberty 4 Pro by Anker, Noise Cancelling Wireless Earbuds, 7-Sensor and Real-Time Adaptive Noise Cancelling, 2× Faster Charging, Studio-Level Hi-Fi Music, Clear Calls with 6 Mics and AI",$129.99
43,Wireless Earbuds Bluetooth 5.4 Headphones Bass Stereo Ear Buds with Noise Cancelling Mic LED Display in Ear Earphones IP7 Waterproof 36H Playtime for Laptop Pad Phones Sports Workout White,$21.99
44,"StarClip Open-Ear Wireless Bluetooth Headphones, Clip-On Earbuds, 4D Panoramic Sound, Clear Calls, Lightweight, Secure Fit, IP54 Water-Resistant Ear Grips for Workout and Daily Use, Silver",$79.99
45,"by Anker Life A2 NC Multi-Mode Noise Cancelling Wireless Earbuds, ANC Bluetooth Earbuds with 6-Mic Clear Calls, 35-Hr Playtime, and Deep Bass, Fast Charging, Transparency, and App",$49.95
46,"H30i Wireless On-Ear Headphones, Foldable Design, Pure Bass, 70H Playtime, Bluetooth 5.3, Lightweight and Comfortable, App Connectivity, Multipoint Connection",$39.99
47,"Q11i Wireless Over-Ear Bluetooth Headphones by Anker, Deep Bass, 60H Playtime, Hi-Res Audio, Detachable Ear Cushions, Multipoint Connection",$39.99
48,"Space One Pro by Anker, Adaptive Active Noise Cancelling Headphones Driven by 6 Mics, Super Foldable Design, 60H Lossless Audio, Ultra-Fast Charging, Hi-Res Wireless Audio, Comfortable Fit",$199.99
49,"Select 4 Go Bluetooth Speaker by Anker, Mini Portable, Up to 20 Hours of Playtime, IP67 Waterproof and Dustproof, Floatable, Powerful Sound, Ideal for Indoors and Outdoors,Hiking and Biking",$29.99
50,"Anker Rave Neo 2 Portable Speaker with 80W Stereo Sound, PartyCast 2.0, Light Show, IPX7 Waterproof (Floats on Water) 18H Playtime, Customizable EQ & Bass Up for Party, Tailgating, Backyard",$128.99
51,Audio Soundcore Boom 2 - Boombox Bluetooth Speaker with True Wireless Stereo System - Enjoy Powerful Bass and Clear Treble - Large Bluetooth Speaker with LED Display - Model PPHP26HD - 160W,$99.99
52,"by Anker, Sleep A10 Bluetooth Sleep Earbuds, Noise Blocking Earbuds for Sleep, Comfortable Fit, Bluetooth 5.2, App, for Unlimited Sleep Sounds, Sleep Monitor, Personal Alarm, Side Sleeper",$119.95
53,"Motion X500 Bluetooth Speaker with Spatial Audio, Hi-Res Sound, 3-Channel Audio, Upward Firing Driver, Ambient Light",$109.99
54,"WF-C510 Truly Wireless in-Ear Bluetooth Earbud Headphones with up to 22-Hour Battery, Multipoint-Connection, Mic and IPX4 Water Resistance, Yellow- New",$58.00
55,"by Anker, Earbuds Travel Case, Fits Multiple soundcore Earbuds, Anti-Scratch, Portable, Magnetic Closure, Black",$19.99
56,"Hybrid Active Noise Cancelling Wireless Earbuds, 10mm Drivers Deep Bass Stereo Sound, 4 Mics Smart ENC AI Calls, 32 EQ Customization via App, Bluetooth 5.4 Headphones, Crystal Case Design",$19.99
57,"Fitness Bluetooth True Wireless Earbuds with Built in Mic 56 Hours of Battery, IPX7 Waterproof, Active Noise Cancellation, Awareness Mode, and Bluetooth 5.3 (Blue)",$119.99
58,"Q7 Wireless Open-Ear Headphones Bluetooth 5.3 Earbuds, Ultra Lightweight for Comfortable Clip On, DT 6.0 Technology for Personal Deep Bass, 34H Playtime Earphones, USB-C Quick Charge -White",$39.99
